cat,subreddit,subreddit_url,my_notes,sub_description
AI Development,LLM Devs,https://www.reddit.com/r/LLMDevs/,"Subreddits focused on AI and LLM development, tools, and applications.",Excellent subreddit for those developing AI and LLM tools. Great for discussing everything related to AI development.
AI Development,Crafted By AI,https://www.reddit.com/r/CraftedByAI/,,"This subreddit is for discussing AI-generated websites, images, and patterns that we find for crochet, knitting, and other crafts. Users who are especially brave or with too much time on their hands may post the results of attempting to follow these AI-generated instructions."
AI Development,AI Application,https://www.reddit.com/r/AI_Application/,,
AI (General),AI Chat GPT,https://www.reddit.com/r/AiChatGPT/,"General AI subreddits covering a wide range of topics, from current developments to future possibilities.",
AI (General),Singularity,https://www.reddit.com/r/singularity/,,
AI (General),Artificial,https://www.reddit.com/r/artificial/,,
AI (General),AI ,https://www.reddit.com/r/ArtificialInteligence/,,
AI (General),Futurology,https://www.reddit.com/r/Futurology/,,
AI Art,aiArt,https://www.reddit.com/r/aiArt/,Subreddits dedicated to AI-generated art and creative applications of AI.,
Image Generation Models,Flux AI,https://www.reddit.com/r/FluxAI/,Communities focused on specific AI image generation models and techniques.,
Image Generation Models,Midjourney,https://www.reddit.com/r/midjourney/,,
LLMs,Mistral,https://www.reddit.com/r/MistralAI/,Subreddits dedicated to large language models and their applications.,
LLMs,OpenAI,https://www.reddit.com/r/OpenAI/,,
LLMs,ChatGPT,https://www.reddit.com/r/ChatGPT/,,
LLM Frontends,PoeAI,https://www.reddit.com/r/PoeAI/,Communities discussing and sharing experiences with various LLM frontend applications.,
LLM Frontends,Perplexity,https://www.reddit.com/r/perplexity_ai/,,
Tools (Other),MindAI,https://www.reddit.com/r/MindAI/,Subreddits for other AI-related tools and applications.,
AI Hardware & Infrastructure,Nody AI,https://www.reddit.com/r/nody_ai/,Communities focused on AI hardware and infrastructure developments.,
Non-Official Vendor  & Tool Subs,Stable Diffusion,https://www.reddit.com/r/StableDiffusion/,Unofficial subreddits for various AI vendors and tools.,
Non-Official Vendor  & Tool Subs,Suno AI,https://www.reddit.com/r/SunoAI/,,
Non-Official Vendor  & Tool Subs,Claude,https://www.reddit.com/r/ClaudeAI/,,
Tools & Platforms,Silly Tavern,https://www.reddit.com/r/SillyTavernAI/,Subreddits dedicated to specific AI tools and platforms.,
Non-Official Vendor  & Tool Subs,Sora,https://www.reddit.com/r/SoraAi/,,
Non-Official Vendor  & Tool Subs,Google Gemini AI,https://www.reddit.com/r/GoogleGeminiAI/,,
Non-Official Vendor  & Tool Subs,Gemini AI,https://www.reddit.com/r/GeminiAI/,,
AI Agents & Assistants,AI Agents,https://www.reddit.com/r/AI_Agents/,Communities focused on AI agents and assistants.,This is a growing subreddit focused on the very important use case of AI assistants.
Prompting Subs,Writing Prompts,https://www.reddit.com/r/WritingPrompts/,Subreddits dedicated to AI prompting techniques and sharing prompts.,
Official AI Vendor Subs,Character.ai,https://www.reddit.com/r/perplexity_ai/,Official subreddits for AI vendors and platforms.,
Official AI Vendor Subs,Perplexity,https://www.reddit.com/r/perplexity_ai/,,
Official AI Vendor Subs,Kindroid,https://www.reddit.com/r/KindroidAI/,,
"AI: Debate, Ethics, Opposition",Fuck AI,https://www.reddit.com/r/FuckAI/,"Subreddits focused on AI debates, ethics, and opposition to AI.",
"AI: Debate, Ethics, Opposition",AI Wars,https://www.reddit.com/r/aiwars/,,
"AI: Debate, Ethics, Opposition",Defending AI Art,https://www.reddit.com/r/DefendingAIArt/,,
Video Generation,AI Video,https://www.reddit.com/r/aivideo/,Communities dedicated to AI-generated video content.,
Local LLMs,Local LLama,https://www.reddit.com/r/LocalLLaMA/,Subreddits focused on running and developing local large language models.,
Music Generation,AI Music,https://www.reddit.com/r/AI_Music/,Communities dedicated to AI-generated music and audio content.,
Roleplay & Character ,Alice AI,https://www.reddit.com/r/AliceAi/,Subreddits focused on AI-powered roleplay and character creation.,
